iteration,body_id,name,mass,x,y,z,vx,vy,vz
0,0,Body1,5.28082e+29,-8.72352e+10,-3.1138e+10,-6.47179e+10,6.52377,2.11368,-5.18541
0,1,Body2,5.61651e+29,-2.51444e+10,-8.56071e+10,5.6969e+10,6.20926,-3.3082,-5.80745
0,2,Body3,2.35684e+28,-5.14425e+10,-2.34758e+10,1.15274e+10,7.95194,-3.78555,-7.52014
1,0,Body1,5.28082e+29,-8.72352e+10,-3.1138e+10,-6.47179e+10,6.52378,2.11367,-5.1854
1,1,Body2,5.61651e+29,-2.51444e+10,-8.56071e+10,5.6969e+10,6.20926,-3.30819,-5.80747
1,2,Body3,2.35684e+28,-5.14425e+10,-2.34758e+10,1.15274e+10,7.95194,-3.7856,-7.52015
2,0,Body1,5.28082e+29,-8.72352e+10,-3.1138e+10,-6.47179e+10,6.52386,2.11361,-5.18523
2,1,Body2,5.61651e+29,-2.51444e+10,-8.56071e+10,5.6969e+10,6.20918,-3.30811,-5.80761
2,2,Body3,2.35684e+28,-5.14425e+10,-2.34758e+10,1.15274e+10,7.95191,-3.78608,-7.52028
3,0,Body1,5.28082e+29,-8.72352e+10,-3.1138e+10,-6.47179e+10,6.52395,2.11354,-5.18507
3,1,Body2,5.61651e+29,-2.51444e+10,-8.56071e+10,5.6969e+10,6.2091,-3.30803,-5.80776
3,2,Body3,2.35684e+28,-5.14425e+10,-2.34758e+10,1.15274e+10,7.95189,-3.78656,-7.52041
4,0,Body1,5.28082e+29,-8.72352e+10,-3.1138e+10,-6.47179e+10,6.52403,2.11348,-5.18491
4,1,Body2,5.61651e+29,-2.51444e+10,-8.56071e+10,5.6969e+10,6.20903,-3.30795,-5.80791
4,2,Body3,2.35684e+28,-5.14425e+10,-2.34758e+10,1.15274e+10,7.95186,-3.78703,-7.52053
5,0,Body1,5.28082e+29,-8.72352e+10,-3.1138e+10,-6.47179e+10,6.52411,2.11342,-5.18474
5,1,Body2,5.61651e+29,-2.51444e+10,-8.56071e+10,5.6969e+10,6.20895,-3.30787,-5.80806
5,2,Body3,2.35684e+28,-5.14425e+10,-2.34758e+10,1.15274e+10,7.95184,-3.78751,-7.52066
6,0,Body1,5.28082e+29,-8.72352e+10,-3.1138e+10,-6.47179e+10,6.52419,2.11336,-5.18458
6,1,Body2,5.61651e+29,-2.51444e+10,-8.56071e+10,5.6969e+10,6.20887,-3.30779,-5.80821
6,2,Body3,2.35684e+28,-5.14425e+10,-2.34758e+10,1.15274e+10,7.95181,-3.78799,-7.52079
7,0,Body1,5.28082e+29,-8.72352e+10,-3.1138e+10,-6.47179e+10,6.52428,2.1133,-5.18442
7,1,Body2,5.61651e+29,-2.51444e+10,-8.56071e+10,5.6969e+10,6.2088,-3.30772,-5.80836
7,2,Body3,2.35684e+28,-5.14425e+10,-2.34758e+10,1.15274e+10,7.95179,-3.78847,-7.52092
8,0,Body1,5.28082e+29,-8.72352e+10,-3.1138e+10,-6.47179e+10,6.52436,2.11323,-5.18425
8,1,Body2,5.61651e+29,-2.51444e+10,-8.56071e+10,5.6969e+10,6.20872,-3.30764,-5.8085
8,2,Body3,2.35684e+28,-5.14425e+10,-2.34758e+10,1.15274e+10,7.95176,-3.78894,-7.52105
9,0,Body1,5.28082e+29,-8.72352e+10,-3.1138e+10,-6.47179e+10,6.52444,2.11317,-5.18409
9,1,Body2,5.61651e+29,-2.51444e+10,-8.56071e+10,5.6969e+10,6.20864,-3.30756,-5.80865
9,2,Body3,2.35684e+28,-5.14425e+10,-2.34758e+10,1.15274e+10,7.95174,-3.78942,-7.52117
10,0,Body1,5.28082e+29,-8.72352e+10,-3.1138e+10,-6.47179e+10,6.52452,2.11311,-5.18393
10,1,Body2,5.61651e+29,-2.51444e+10,-8.56071e+10,5.6969e+10,6.20857,-3.30748,-5.8088
10,2,Body3,2.35684e+28,-5.14425e+10,-2.34758e+10,1.15274e+10,7.95171,-3.7899,-7.5213
11,0,Body1,5.28082e+29,-8.72352e+10,-3.1138e+10,-6.47179e+10,6.52461,2.11305,-5.18376
11,1,Body2,5.61651e+29,-2.51444e+10,-8.56071e+10,5.6969e+10,6.20849,-3.3074,-5.80895
11,2,Body3,2.35684e+28,-5.14425e+10,-2.34758e+10,1.15274e+10,7.95169,-3.79038,-7.52143
12,0,Body1,5.28082e+29,-8.72352e+10,-3.1138e+10,-6.47179e+10,6.52469,2.11299,-5.1836
12,1,Body2,5.61651e+29,-2.51444e+10,-8.56071e+10,5.6969e+10,6.20841,-3.30732,-5.8091
12,2,Body3,2.35684e+28,-5.14425e+10,-2.34758e+10,1.15274e+10,7.95166,-3.79085,-7.52156
13,0,Body1,5.28082e+29,-8.72352e+10,-3.1138e+10,-6.47179e+10,6.52477,2.11292,-5.18344
13,1,Body2,5.61651e+29,-2.51444e+10,-8.56071e+10,5.6969e+10,6.20834,-3.30725,-5.80924
13,2,Body3,2.35684e+28,-5.14425e+10,-2.34758e+10,1.15274e+10,7.95163,-3.79133,-7.52168
14,0,Body1,5.28082e+29,-8.72352e+10,-3.1138e+10,-6.47179e+10,6.52485,2.11286,-5.18328
14,1,Body2,5.61651e+29,-2.51444e+10,-8.56071e+10,5.6969e+10,6.20826,-3.30717,-5.80939
14,2,Body3,2.35684e+28,-5.14425e+10,-2.34758e+10,1.15274e+10,7.95161,-3.79181,-7.52181
15,0,Body1,5.28082e+29,-8.72352e+10,-3.1138e+10,-6.47179e+10,6.52494,2.1128,-5.18311
15,1,Body2,5.61651e+29,-2.51444e+10,-8.56071e+10,5.6969e+10,6.20819,-3.30709,-5.80954
15,2,Body3,2.35684e+28,-5.14425e+10,-2.34758e+10,1.15274e+10,7.95158,-3.79229,-7.52194
16,0,Body1,5.28082e+29,-8.72352e+10,-3.1138e+10,-6.47179e+10,6.52502,2.11274,-5.18295
16,1,Body2,5.61651e+29,-2.51444e+10,-8.56071e+10,5.6969e+10,6.20811,-3.30701,-5.80969
16,2,Body3,2.35684e+28,-5.14425e+10,-2.34758e+10,1.15274e+10,7.95156,-3.79276,-7.52207
17,0,Body1,5.28082e+29,-8.72352e+10,-3.1138e+10,-6.47179e+10,6.5251,2.11267,-5.18279
17,1,Body2,5.61651e+29,-2.51444e+10,-8.56071e+10,5.6969e+10,6.20803,-3.30693,-5.80984
17,2,Body3,2.35684e+28,-5.14425e+10,-2.34758e+10,1.15274e+10,7.95153,-3.79324,-7.52219
18,0,Body1,5.28082e+29,-8.72352e+10,-3.1138e+10,-6.47179e+10,6.52518,2.11261,-5.18262
18,1,Body2,5.61651e+29,-2.51444e+10,-8.56071e+10,5.6969e+10,6.20796,-3.30685,-5.80998
18,2,Body3,2.35684e+28,-5.14425e+10,-2.34758e+10,1.15274e+10,7.95151,-3.79372,-7.52232
19,0,Body1,5.28082e+29,-8.72352e+10,-3.1138e+10,-6.47179e+10,6.52527,2.11255,-5.18246
19,1,Body2,5.61651e+29,-2.51444e+10,-8.56071e+10,5.6969e+10,6.20788,-3.30677,-5.81013
19,2,Body3,2.35684e+28,-5.14425e+10,-2.34758e+10,1.15274e+10,7.95148,-3.7942,-7.52245
20,0,Body1,5.28082e+29,-8.72352e+10,-3.1138e+10,-6.47179e+10,6.52535,2.11249,-5.1823
20,1,Body2,5.61651e+29,-2.51444e+10,-8.56071e+10,5.6969e+10,6.2078,-3.3067,-5.81028
20,2,Body3,2.35684e+28,-5.14425e+10,-2.34758e+10,1.15274e+10,7.95146,-3.79467,-7.52258
21,0,Body1,5.28082e+29,-8.72352e+10,-3.1138e+10,-6.47179e+10,6.52543,2.11243,-5.18213
21,1,Body2,5.61651e+29,-2.51444e+10,-8.56071e+10,5.6969e+10,6.20773,-3.30662,-5.81043
21,2,Body3,2.35684e+28,-5.14425e+10,-2.34758e+10,1.15274e+10,7.95143,-3.79515,-7.52271
22,0,Body1,5.28082e+29,-8.72352e+10,-3.1138e+10,-6.47179e+10,6.52551,2.11236,-5.18197
22,1,Body2,5.61651e+29,-2.51444e+10,-8.56071e+10,5.6969e+10,6.20765,-3.30654,-5.81058
22,2,Body3,2.35684e+28,-5.14425e+10,-2.34758e+10,1.15274e+10,7.95141,-3.79563,-7.52283
23,0,Body1,5.28082e+29,-8.72352e+10,-3.1138e+10,-6.47179e+10,6.5256,2.1123,-5.18181
23,1,Body2,5.61651e+29,-2.51444e+10,-8.56071e+10,5.6969e+10,6.20757,-3.30646,-5.81073
23,2,Body3,2.35684e+28,-5.14425e+10,-2.34758e+10,1.15274e+10,7.95138,-3.7961,-7.52296
24,0,Body1,5.28082e+29,-8.72352e+10,-3.1138e+10,-6.47179e+10,6.52568,2.11224,-5.18164
24,1,Body2,5.61651e+29,-2.51444e+10,-8.56071e+10,5.6969e+10,6.2075,-3.30638,-5.81087
24,2,Body3,2.35684e+28,-5.14425e+10,-2.34758e+10,1.15274e+10,7.95136,-3.79658,-7.52309
25,0,Body1,5.28082e+29,-8.72352e+10,-3.1138e+10,-6.47179e+10,6.52576,2.11218,-5.18148
25,1,Body2,5.61651e+29,-2.51444e+10,-8.56071e+10,5.6969e+10,6.20742,-3.3063,-5.81102
25,2,Body3,2.35684e+28,-5.14425e+10,-2.34758e+10,1.15274e+10,7.95133,-3.79706,-7.52322
26,0,Body1,5.28082e+29,-8.72352e+10,-3.1138e+10,-6.47179e+10,6.52584,2.11211,-5.18132
26,1,Body2,5.61651e+29,-2.51444e+10,-8.56071e+10,5.6969e+10,6.20734,-3.30622,-5.81117
26,2,Body3,2.35684e+28,-5.14425e+10,-2.34758e+10,1.15274e+10,7.9513,-3.79754,-7.52334
27,0,Body1,5.28082e+29,-8.72352e+10,-3.1138e+10,-6.47179e+10,6.52593,2.11205,-5.18115
27,1,Body2,5.61651e+29,-2.51444e+10,-8.56071e+10,5.6969e+10,6.20727,-3.30615,-5.81132
27,2,Body3,2.35684e+28,-5.14425e+10,-2.34758e+10,1.15274e+10,7.95128,-3.79801,-7.52347
28,0,Body1,5.28082e+29,-8.72352e+10,-3.1138e+10,-6.47179e+10,6.52601,2.11199,-5.18099
28,1,Body2,5.61651e+29,-2.51444e+10,-8.56071e+10,5.6969e+10,6.20719,-3.30607,-5.81147
28,2,Body3,2.35684e+28,-5.14425e+10,-2.34758e+10,1.15274e+10,7.95125,-3.79849,-7.5236
29,0,Body1,5.28082e+29,-8.72352e+10,-3.1138e+10,-6.47179e+10,6.52609,2.11193,-5.18083
29,1,Body2,5.61651e+29,-2.51444e+10,-8.56071e+10,5.6969e+10,6.20711,-3.30599,-5.81161
29,2,Body3,2.35684e+28,-5.14425e+10,-2.34758e+10,1.15274e+10,7.95123,-3.79897,-7.52373
30,0,Body1,5.28082e+29,-8.72352e+10,-3.1138e+10,-6.47179e+10,6.52617,2.11187,-5.18066
30,1,Body2,5.61651e+29,-2.51444e+10,-8.56071e+10,5.6969e+10,6.20704,-3.30591,-5.81176
30,2,Body3,2.35684e+28,-5.14425e+10,-2.34758e+10,1.15274e+10,7.9512,-3.79945,-7.52385
31,0,Body1,5.28082e+29,-8.72352e+10,-3.1138e+10,-6.47179e+10,6.52625,2.1118,-5.1805
31,1,Body2,5.61651e+29,-2.51444e+10,-8.56071e+10,5.6969e+10,6.20696,-3.30583,-5.81191
31,2,Body3,2.35684e+28,-5.14425e+10,-2.34758e+10,1.15274e+10,7.95118,-3.79992,-7.52398
32,0,Body1,5.28082e+29,-8.72352e+10,-3.1138e+10,-6.47179e+10,6.52634,2.11174,-5.18034
32,1,Body2,5.61651e+29,-2.51444e+10,-8.56071e+10,5.6969e+10,6.20689,-3.30575,-5.81206
32,2,Body3,2.35684e+28,-5.14425e+10,-2.34758e+10,1.15274e+10,7.95115,-3.8004,-7.52411
33,0,Body1,5.28082e+29,-8.72352e+10,-3.1138e+10,-6.47179e+10,6.52642,2.11168,-5.18017
33,1,Body2,5.61651e+29,-2.51444e+10,-8.56071e+10,5.6969e+10,6.20681,-3.30568,-5.81221
33,2,Body3,2.35684e+28,-5.14425e+10,-2.34758e+10,1.15274e+10,7.95113,-3.80088,-7.52424
34,0,Body1,5.28082e+29,-8.72352e+10,-3.1138e+10,-6.47179e+10,6.5265,2.11162,-5.18001
34,1,Body2,5.61651e+29,-2.51444e+10,-8.56071e+10,5.6969e+10,6.20673,-3.3056,-5.81235
34,2,Body3,2.35684e+28,-5.14425e+10,-2.34758e+10,1.15274e+10,7.9511,-3.80136,-7.52437
35,0,Body1,5.28082e+29,-8.72352e+10,-3.1138e+10,-6.47179e+10,6.52658,2.11155,-5.17985
35,1,Body2,5.61651e+29,-2.51444e+10,-8.56071e+10,5.6969e+10,6.20666,-3.30552,-5.8125
35,2,Body3,2.35684e+28,-5.14425e+10,-2.34758e+10,1.15274e+10,7.95108,-3.80183,-7.52449
36,0,Body1,5.28082e+29,-8.72352e+10,-3.1138e+10,-6.47179e+10,6.52667,2.11149,-5.17968
36,1,Body2,5.61651e+29,-2.51444e+10,-8.56071e+10,5.6969e+10,6.20658,-3.30544,-5.81265
36,2,Body3,2.35684e+28,-5.14425e+10,-2.34758e+10,1.15274e+10,7.95105,-3.80231,-7.52462
37,0,Body1,5.28082e+29,-8.72352e+10,-3.1138e+10,-6.47179e+10,6.52675,2.11143,-5.17952
37,1,Body2,5.61651e+29,-2.51444e+10,-8.56071e+10,5.6969e+10,6.2065,-3.30536,-5.8128
37,2,Body3,2.35684e+28,-5.14425e+10,-2.34758e+10,1.15274e+10,7.95103,-3.80279,-7.52475
38,0,Body1,5.28082e+29,-8.72352e+10,-3.1138e+10,-6.47179e+10,6.52683,2.11137,-5.17936
38,1,Body2,5.61651e+29,-2.51444e+10,-8.56071e+10,5.6969e+10,6.20643,-3.30528,-5.81295
38,2,Body3,2.35684e+28,-5.14425e+10,-2.34758e+10,1.15274e+10,7.951,-3.80327,-7.52488
39,0,Body1,5.28082e+29,-8.72352e+10,-3.1138e+10,-6.47179e+10,6.52691,2.11131,-5.17919
39,1,Body2,5.61651e+29,-2.51444e+10,-8.56071e+10,5.6969e+10,6.20635,-3.3052,-5.81309
39,2,Body3,2.35684e+28,-5.14425e+10,-2.34758e+10,1.15274e+10,7.95098,-3.80374,-7.525
40,0,Body1,5.28082e+29,-8.72352e+10,-3.1138e+10,-6.47179e+10,6.527,2.11124,-5.17903
40,1,Body2,5.61651e+29,-2.51444e+10,-8.56071e+10,5.6969e+10,6.20627,-3.30513,-5.81324
40,2,Body3,2.35684e+28,-5.14425e+10,-2.34758e+10,1.15274e+10,7.95095,-3.80422,-7.52513
41,0,Body1,5.28082e+29,-8.72352e+10,-3.1138e+10,-6.47179e+10,6.52708,2.11118,-5.17887
41,1,Body2,5.61651e+29,-2.51444e+10,-8.56071e+10,5.6969e+10,6.2062,-3.30505,-5.81339
41,2,Body3,2.35684e+28,-5.14425e+10,-2.34758e+10,1.15274e+10,7.95092,-3.8047,-7.52526
42,0,Body1,5.28082e+29,-8.72352e+10,-3.1138e+10,-6.47179e+10,6.52716,2.11112,-5.1787
42,1,Body2,5.61651e+29,-2.51444e+10,-8.56071e+10,5.6969e+10,6.20612,-3.30497,-5.81354
42,2,Body3,2.35684e+28,-5.14425e+10,-2.34758e+10,1.15274e+10,7.9509,-3.80517,-7.52539
43,0,Body1,5.28082e+29,-8.72352e+10,-3.1138e+10,-6.47179e+10,6.52724,2.11106,-5.17854
43,1,Body2,5.61651e+29,-2.51444e+10,-8.56071e+10,5.6969e+10,6.20604,-3.30489,-5.81369
43,2,Body3,2.35684e+28,-5.14425e+10,-2.34758e+10,1.15274e+10,7.95087,-3.80565,-7.52552
44,0,Body1,5.28082e+29,-8.72352e+10,-3.1138e+10,-6.47179e+10,6.52733,2.11099,-5.17838
44,1,Body2,5.61651e+29,-2.51444e+10,-8.56071e+10,5.6969e+10,6.20597,-3.30481,-5.81384
44,2,Body3,2.35684e+28,-5.14425e+10,-2.34758e+10,1.15274e+10,7.95085,-3.80613,-7.52564
45,0,Body1,5.28082e+29,-8.72352e+10,-3.1138e+10,-6.47179e+10,6.52741,2.11093,-5.17822
45,1,Body2,5.61651e+29,-2.51444e+10,-8.56071e+10,5.6969e+10,6.20589,-3.30473,-5.81398
45,2,Body3,2.35684e+28,-5.14425e+10,-2.34758e+10,1.15274e+10,7.95082,-3.80661,-7.52577
46,0,Body1,5.28082e+29,-8.72352e+10,-3.1138e+10,-6.47179e+10,6.52749,2.11087,-5.17805
46,1,Body2,5.61651e+29,-2.51444e+10,-8.56071e+10,5.6969e+10,6.20581,-3.30465,-5.81413
46,2,Body3,2.35684e+28,-5.14425e+10,-2.34758e+10,1.15274e+10,7.9508,-3.80708,-7.5259
47,0,Body1,5.28082e+29,-8.72352e+10,-3.1138e+10,-6.47179e+10,6.52757,2.11081,-5.17789
47,1,Body2,5.61651e+29,-2.51444e+10,-8.56071e+10,5.6969e+10,6.20574,-3.30458,-5.81428
47,2,Body3,2.35684e+28,-5.14425e+10,-2.34758e+10,1.15274e+10,7.95077,-3.80756,-7.52603
48,0,Body1,5.28082e+29,-8.72352e+10,-3.1138e+10,-6.47179e+10,6.52766,2.11075,-5.17773
48,1,Body2,5.61651e+29,-2.51444e+10,-8.56071e+10,5.6969e+10,6.20566,-3.3045,-5.81443
48,2,Body3,2.35684e+28,-5.14425e+10,-2.34758e+10,1.15274e+10,7.95075,-3.80804,-7.52615
49,0,Body1,5.28082e+29,-8.72352e+10,-3.1138e+10,-6.47179e+10,6.52774,2.11068,-5.17756
49,1,Body2,5.61651e+29,-2.51444e+10,-8.56071e+10,5.6969e+10,6.20559,-3.30442,-5.81458
49,2,Body3,2.35684e+28,-5.14425e+10,-2.34758e+10,1.15274e+10,7.95072,-3.80852,-7.52628
50,0,Body1,5.28082e+29,-8.72352e+10,-3.1138e+10,-6.47179e+10,6.52782,2.11062,-5.1774
50,1,Body2,5.61651e+29,-2.51444e+10,-8.56071e+10,5.6969e+10,6.20551,-3.30434,-5.81472
50,2,Body3,2.35684e+28,-5.14425e+10,-2.34758e+10,1.15274e+10,7.9507,-3.80899,-7.52641
51,0,Body1,5.28082e+29,-8.72352e+10,-3.1138e+10,-6.47179e+10,6.5279,2.11056,-5.17724
51,1,Body2,5.61651e+29,-2.51444e+10,-8.56071e+10,5.6969e+10,6.20543,-3.30426,-5.81487
51,2,Body3,2.35684e+28,-5.14425e+10,-2.34758e+10,1.15274e+10,7.95067,-3.80947,-7.52654
52,0,Body1,5.28082e+29,-8.72352e+10,-3.1138e+10,-6.47179e+10,6.52799,2.1105,-5.17707
52,1,Body2,5.61651e+29,-2.51444e+10,-8.56071e+10,5.6969e+10,6.20536,-3.30418,-5.81502
52,2,Body3,2.35684e+28,-5.14425e+10,-2.34758e+10,1.15274e+10,7.95065,-3.80995,-7.52666
53,0,Body1,5.28082e+29,-8.72352e+10,-3.1138e+10,-6.47179e+10,6.52807,2.11044,-5.17691
53,1,Body2,5.61651e+29,-2.51444e+10,-8.56071e+10,5.6969e+10,6.20528,-3.3041,-5.81517
53,2,Body3,2.35684e+28,-5.14425e+10,-2.34758e+10,1.15274e+10,7.95062,-3.81043,-7.52679
54,0,Body1,5.28082e+29,-8.72352e+10,-3.1138e+10,-6.47179e+10,6.52815,2.11037,-5.17675
54,1,Body2,5.61651e+29,-2.51444e+10,-8.56071e+10,5.6969e+10,6.2052,-3.30403,-5.81532
54,2,Body3,2.35684e+28,-5.14425e+10,-2.34758e+10,1.15274e+10,7.95059,-3.8109,-7.52692
55,0,Body1,5.28082e+29,-8.72352e+10,-3.1138e+10,-6.47179e+10,6.52823,2.11031,-5.17658
55,1,Body2,5.61651e+29,-2.51444e+10,-8.56071e+10,5.6969e+10,6.20513,-3.30395,-5.81546
55,2,Body3,2.35684e+28,-5.14425e+10,-2.34758e+10,1.15274e+10,7.95057,-3.81138,-7.52705
56,0,Body1,5.28082e+29,-8.72352e+10,-3.1138e+10,-6.47179e+10,6.52832,2.11025,-5.17642
56,1,Body2,5.61651e+29,-2.51444e+10,-8.56071e+10,5.6969e+10,6.20505,-3.30387,-5.81561
56,2,Body3,2.35684e+28,-5.14425e+10,-2.34758e+10,1.15274e+10,7.95054,-3.81186,-7.52718
57,0,Body1,5.28082e+29,-8.72352e+10,-3.1138e+10,-6.47179e+10,6.5284,2.11019,-5.17626
57,1,Body2,5.61651e+29,-2.51444e+10,-8.56071e+10,5.6969e+10,6.20497,-3.30379,-5.81576
57,2,Body3,2.35684e+28,-5.14425e+10,-2.34758e+10,1.15274e+10,7.95052,-3.81233,-7.5273
58,0,Body1,5.28082e+29,-8.72352e+10,-3.1138e+10,-6.47179e+10,6.52848,2.11012,-5.17609
58,1,Body2,5.61651e+29,-2.51444e+10,-8.56071e+10,5.6969e+10,6.2049,-3.30371,-5.81591
58,2,Body3,2.35684e+28,-5.14425e+10,-2.34758e+10,1.15274e+10,7.95049,-3.81281,-7.52743
59,0,Body1,5.28082e+29,-8.72352e+10,-3.1138e+10,-6.47179e+10,6.52856,2.11006,-5.17593
59,1,Body2,5.61651e+29,-2.51444e+10,-8.56071e+10,5.6969e+10,6.20482,-3.30363,-5.81606
59,2,Body3,2.35684e+28,-5.14425e+10,-2.34758e+10,1.15274e+10,7.95047,-3.81329,-7.52756
60,0,Body1,5.28082e+29,-8.72352e+10,-3.1138e+10,-6.47179e+10,6.52865,2.11,-5.17577
60,1,Body2,5.61651e+29,-2.51444e+10,-8.56071e+10,5.6969e+10,6.20474,-3.30356,-5.8162
60,2,Body3,2.35684e+28,-5.14425e+10,-2.34758e+10,1.15274e+10,7.95044,-3.81377,-7.52769
61,0,Body1,5.28082e+29,-8.72352e+10,-3.1138e+10,-6.47179e+10,6.52873,2.10994,-5.1756
61,1,Body2,5.61651e+29,-2.51444e+10,-8.56071e+10,5.6969e+10,6.20467,-3.30348,-5.81635
61,2,Body3,2.35684e+28,-5.14425e+10,-2.34758e+10,1.15274e+10,7.95042,-3.81424,-7.52781
62,0,Body1,5.28082e+29,-8.72352e+10,-3.1138e+10,-6.47179e+10,6.52881,2.10988,-5.17544
62,1,Body2,5.61651e+29,-2.51444e+10,-8.56071e+10,5.6969e+10,6.20459,-3.3034,-5.8165
62,2,Body3,2.35684e+28,-5.14425e+10,-2.34758e+10,1.15274e+10,7.95039,-3.81472,-7.52794
63,0,Body1,5.28082e+29,-8.72352e+10,-3.1138e+10,-6.47179e+10,6.52889,2.10981,-5.17528
63,1,Body2,5.61651e+29,-2.51444e+10,-8.56071e+10,5.6969e+10,6.20451,-3.30332,-5.81665
63,2,Body3,2.35684e+28,-5.14425e+10,-2.34758e+10,1.15274e+10,7.95037,-3.8152,-7.52807
64,0,Body1,5.28082e+29,-8.72352e+10,-3.1138e+10,-6.47179e+10,6.52898,2.10975,-5.17511
64,1,Body2,5.61651e+29,-2.51444e+10,-8.56071e+10,5.6969e+10,6.20444,-3.30324,-5.8168
64,2,Body3,2.35684e+28,-5.14425e+10,-2.34758e+10,1.15274e+10,7.95034,-3.81568,-7.5282
65,0,Body1,5.28082e+29,-8.72352e+10,-3.1138e+10,-6.47179e+10,6.52906,2.10969,-5.17495
65,1,Body2,5.61651e+29,-2.51444e+10,-8.56071e+10,5.6969e+10,6.20436,-3.30316,-5.81695
65,2,Body3,2.35684e+28,-5.14425e+10,-2.34758e+10,1.15274e+10,7.95032,-3.81615,-7.52832
66,0,Body1,5.28082e+29,-8.72352e+10,-3.1138e+10,-6.47179e+10,6.52914,2.10963,-5.17479
66,1,Body2,5.61651e+29,-2.51444e+10,-8.56071e+10,5.6969e+10,6.20428,-3.30308,-5.81709
66,2,Body3,2.35684e+28,-5.14425e+10,-2.34758e+10,1.15274e+10,7.95029,-3.81663,-7.52845
67,0,Body1,5.28082e+29,-8.72352e+10,-3.1138e+10,-6.47179e+10,6.52922,2.10956,-5.17462
67,1,Body2,5.61651e+29,-2.51444e+10,-8.56071e+10,5.6969e+10,6.20421,-3.30301,-5.81724
67,2,Body3,2.35684e+28,-5.14425e+10,-2.34758e+10,1.15274e+10,7.95026,-3.81711,-7.52858
68,0,Body1,5.28082e+29,-8.72352e+10,-3.1138e+10,-6.47179e+10,6.52931,2.1095,-5.17446
68,1,Body2,5.61651e+29,-2.51444e+10,-8.56071e+10,5.6969e+10,6.20413,-3.30293,-5.81739
68,2,Body3,2.35684e+28,-5.14425e+10,-2.34758e+10,1.15274e+10,7.95024,-3.81759,-7.52871
69,0,Body1,5.28082e+29,-8.72352e+10,-3.1138e+10,-6.47179e+10,6.52939,2.10944,-5.1743
69,1,Body2,5.61651e+29,-2.51444e+10,-8.56071e+10,5.6969e+10,6.20406,-3.30285,-5.81754
69,2,Body3,2.35684e+28,-5.14425e+10,-2.34758e+10,1.15274e+10,7.95021,-3.81806,-7.52884
70,0,Body1,5.28082e+29,-8.72352e+10,-3.1138e+10,-6.47179e+10,6.52947,2.10938,-5.17413
70,1,Body2,5.61651e+29,-2.51444e+10,-8.56071e+10,5.6969e+10,6.20398,-3.30277,-5.81769
70,2,Body3,2.35684e+28,-5.14425e+10,-2.34758e+10,1.15274e+10,7.95019,-3.81854,-7.52896
71,0,Body1,5.28082e+29,-8.72352e+10,-3.1138e+10,-6.47179e+10,6.52955,2.10932,-5.17397
71,1,Body2,5.61651e+29,-2.51444e+10,-8.56071e+10,5.6969e+10,6.2039,-3.30269,-5.81783
71,2,Body3,2.35684e+28,-5.14425e+10,-2.34758e+10,1.15274e+10,7.95016,-3.81902,-7.52909
72,0,Body1,5.28082e+29,-8.72352e+10,-3.1138e+10,-6.47179e+10,6.52964,2.10925,-5.17381
72,1,Body2,5.61651e+29,-2.51444e+10,-8.56071e+10,5.6969e+10,6.20383,-3.30261,-5.81798
72,2,Body3,2.35684e+28,-5.14425e+10,-2.34758e+10,1.15274e+10,7.95014,-3.8195,-7.52922
73,0,Body1,5.28082e+29,-8.72352e+10,-3.1138e+10,-6.47179e+10,6.52972,2.10919,-5.17365
73,1,Body2,5.61651e+29,-2.51444e+10,-8.56071e+10,5.6969e+10,6.20375,-3.30253,-5.81813
73,2,Body3,2.35684e+28,-5.14425e+10,-2.34758e+10,1.15274e+10,7.95011,-3.81997,-7.52935
74,0,Body1,5.28082e+29,-8.72352e+10,-3.1138e+10,-6.47179e+10,6.5298,2.10913,-5.17348
74,1,Body2,5.61651e+29,-2.51444e+10,-8.56071e+10,5.6969e+10,6.20367,-3.30246,-5.81828
74,2,Body3,2.35684e+28,-5.14425e+10,-2.34758e+10,1.15274e+10,7.95009,-3.82045,-7.52947
75,0,Body1,5.28082e+29,-8.72352e+10,-3.1138e+10,-6.47179e+10,6.52988,2.10907,-5.17332
75,1,Body2,5.61651e+29,-2.51444e+10,-8.56071e+10,5.6969e+10,6.2036,-3.30238,-5.81843
75,2,Body3,2.35684e+28,-5.14425e+10,-2.34758e+10,1.15274e+10,7.95006,-3.82093,-7.5296
76,0,Body1,5.28082e+29,-8.72352e+10,-3.1138e+10,-6.47179e+10,6.52997,2.109,-5.17316
76,1,Body2,5.61651e+29,-2.51444e+10,-8.56071e+10,5.6969e+10,6.20352,-3.3023,-5.81857
76,2,Body3,2.35684e+28,-5.14425e+10,-2.34758e+10,1.15274e+10,7.95004,-3.8214,-7.52973
77,0,Body1,5.28082e+29,-8.72352e+10,-3.1138e+10,-6.47179e+10,6.53005,2.10894,-5.17299
77,1,Body2,5.61651e+29,-2.51444e+10,-8.56071e+10,5.6969e+10,6.20344,-3.30222,-5.81872
77,2,Body3,2.35684e+28,-5.14425e+10,-2.34758e+10,1.15274e+10,7.95001,-3.82188,-7.52986
78,0,Body1,5.28082e+29,-8.72352e+10,-3.1138e+10,-6.47179e+10,6.53013,2.10888,-5.17283
78,1,Body2,5.61651e+29,-2.51444e+10,-8.56071e+10,5.6969e+10,6.20337,-3.30214,-5.81887
78,2,Body3,2.35684e+28,-5.14425e+10,-2.34758e+10,1.15274e+10,7.94999,-3.82236,-7.52998
79,0,Body1,5.28082e+29,-8.72352e+10,-3.1138e+10,-6.47179e+10,6.53021,2.10882,-5.17267
79,1,Body2,5.61651e+29,-2.51444e+10,-8.56071e+10,5.6969e+10,6.20329,-3.30206,-5.81902
79,2,Body3,2.35684e+28,-5.14425e+10,-2.34758e+10,1.15274e+10,7.94996,-3.82284,-7.53011
80,0,Body1,5.28082e+29,-8.72352e+10,-3.1138e+10,-6.47179e+10,6.5303,2.10876,-5.1725
80,1,Body2,5.61651e+29,-2.51444e+10,-8.56071e+10,5.6969e+10,6.20321,-3.30199,-5.81917
80,2,Body3,2.35684e+28,-5.14425e+10,-2.34758e+10,1.15274e+10,7.94994,-3.82331,-7.53024
81,0,Body1,5.28082e+29,-8.72352e+10,-3.1138e+10,-6.47179e+10,6.53038,2.10869,-5.17234
81,1,Body2,5.61651e+29,-2.51444e+10,-8.56071e+10,5.6969e+10,6.20314,-3.30191,-5.81932
81,2,Body3,2.35684e+28,-5.14425e+10,-2.34758e+10,1.15274e+10,7.94991,-3.82379,-7.53037
82,0,Body1,5.28082e+29,-8.72352e+10,-3.1138e+10,-6.47179e+10,6.53046,2.10863,-5.17218
82,1,Body2,5.61651e+29,-2.51444e+10,-8.56071e+10,5.6969e+10,6.20306,-3.30183,-5.81946
82,2,Body3,2.35684e+28,-5.14425e+10,-2.34758e+10,1.15274e+10,7.94988,-3.82427,-7.5305
83,0,Body1,5.28082e+29,-8.72352e+10,-3.1138e+10,-6.47179e+10,6.53054,2.10857,-5.17201
83,1,Body2,5.61651e+29,-2.51444e+10,-8.56071e+10,5.6969e+10,6.20298,-3.30175,-5.81961
83,2,Body3,2.35684e+28,-5.14425e+10,-2.34758e+10,1.15274e+10,7.94986,-3.82475,-7.53062
84,0,Body1,5.28082e+29,-8.72352e+10,-3.1138e+10,-6.47179e+10,6.53063,2.10851,-5.17185
84,1,Body2,5.61651e+29,-2.51444e+10,-8.56071e+10,5.6969e+10,6.20291,-3.30167,-5.81976
84,2,Body3,2.35684e+28,-5.14425e+10,-2.34758e+10,1.15274e+10,7.94983,-3.82522,-7.53075
85,0,Body1,5.28082e+29,-8.72352e+10,-3.1138e+10,-6.47179e+10,6.53071,2.10844,-5.17169
85,1,Body2,5.61651e+29,-2.51444e+10,-8.56071e+10,5.6969e+10,6.20283,-3.30159,-5.81991
85,2,Body3,2.35684e+28,-5.14425e+10,-2.34758e+10,1.15274e+10,7.94981,-3.8257,-7.53088
86,0,Body1,5.28082e+29,-8.72352e+10,-3.1138e+10,-6.47179e+10,6.53079,2.10838,-5.17152
86,1,Body2,5.61651e+29,-2.51444e+10,-8.56071e+10,5.6969e+10,6.20276,-3.30151,-5.82006
86,2,Body3,2.35684e+28,-5.14425e+10,-2.34758e+10,1.15274e+10,7.94978,-3.82618,-7.53101
87,0,Body1,5.28082e+29,-8.72352e+10,-3.1138e+10,-6.47179e+10,6.53087,2.10832,-5.17136
87,1,Body2,5.61651e+29,-2.51444e+10,-8.56071e+10,5.6969e+10,6.20268,-3.30144,-5.8202
87,2,Body3,2.35684e+28,-5.14425e+10,-2.34758e+10,1.15274e+10,7.94976,-3.82666,-7.53113
88,0,Body1,5.28082e+29,-8.72352e+10,-3.1138e+10,-6.47179e+10,6.53096,2.10826,-5.1712
88,1,Body2,5.61651e+29,-2.51444e+10,-8.56071e+10,5.6969e+10,6.2026,-3.30136,-5.82035
88,2,Body3,2.35684e+28,-5.14425e+10,-2.34758e+10,1.15274e+10,7.94973,-3.82713,-7.53126
89,0,Body1,5.28082e+29,-8.72352e+10,-3.1138e+10,-6.47179e+10,6.53104,2.1082,-5.17103
89,1,Body2,5.61651e+29,-2.51444e+10,-8.56071e+10,5.6969e+10,6.20253,-3.30128,-5.8205
89,2,Body3,2.35684e+28,-5.14425e+10,-2.34758e+10,1.15274e+10,7.94971,-3.82761,-7.53139
90,0,Body1,5.28082e+29,-8.72352e+10,-3.1138e+10,-6.47179e+10,6.53112,2.10813,-5.17087
90,1,Body2,5.61651e+29,-2.51444e+10,-8.56071e+10,5.6969e+10,6.20245,-3.3012,-5.82065
90,2,Body3,2.35684e+28,-5.14425e+10,-2.34758e+10,1.15274e+10,7.94968,-3.82809,-7.53152
91,0,Body1,5.28082e+29,-8.72352e+10,-3.1138e+10,-6.47179e+10,6.5312,2.10807,-5.17071
91,1,Body2,5.61651e+29,-2.51444e+10,-8.56071e+10,5.6969e+10,6.20237,-3.30112,-5.8208
91,2,Body3,2.35684e+28,-5.14425e+10,-2.34758e+10,1.15274e+10,7.94966,-3.82857,-7.53165
92,0,Body1,5.28082e+29,-8.72352e+10,-3.1138e+10,-6.47179e+10,6.53129,2.10801,-5.17054
92,1,Body2,5.61651e+29,-2.51444e+10,-8.56071e+10,5.6969e+10,6.2023,-3.30104,-5.82094
92,2,Body3,2.35684e+28,-5.14425e+10,-2.34758e+10,1.15274e+10,7.94963,-3.82904,-7.53177
93,0,Body1,5.28082e+29,-8.72352e+10,-3.1138e+10,-6.47179e+10,6.53137,2.10795,-5.17038
93,1,Body2,5.61651e+29,-2.51444e+10,-8.56071e+10,5.6969e+10,6.20222,-3.30096,-5.82109
93,2,Body3,2.35684e+28,-5.14425e+10,-2.34758e+10,1.15274e+10,7.94961,-3.82952,-7.5319
94,0,Body1,5.28082e+29,-8.72352e+10,-3.1138e+10,-6.47179e+10,6.53145,2.10789,-5.17022
94,1,Body2,5.61651e+29,-2.51444e+10,-8.56071e+10,5.6969e+10,6.20214,-3.30089,-5.82124
94,2,Body3,2.35684e+28,-5.14425e+10,-2.34758e+10,1.15274e+10,7.94958,-3.83,-7.53203
95,0,Body1,5.28082e+29,-8.72352e+10,-3.1138e+10,-6.47179e+10,6.53153,2.10782,-5.17005
95,1,Body2,5.61651e+29,-2.51444e+10,-8.56071e+10,5.6969e+10,6.20207,-3.30081,-5.82139
95,2,Body3,2.35684e+28,-5.14425e+10,-2.34758e+10,1.15274e+10,7.94955,-3.83047,-7.53216
96,0,Body1,5.28082e+29,-8.72352e+10,-3.1138e+10,-6.47179e+10,6.53162,2.10776,-5.16989
96,1,Body2,5.61651e+29,-2.51444e+10,-8.56071e+10,5.6969e+10,6.20199,-3.30073,-5.82154
96,2,Body3,2.35684e+28,-5.14425e+10,-2.34758e+10,1.15274e+10,7.94953,-3.83095,-7.53228
97,0,Body1,5.28082e+29,-8.72352e+10,-3.1138e+10,-6.47179e+10,6.5317,2.1077,-5.16973
97,1,Body2,5.61651e+29,-2.51444e+10,-8.56071e+10,5.6969e+10,6.20191,-3.30065,-5.82168
97,2,Body3,2.35684e+28,-5.14425e+10,-2.34758e+10,1.15274e+10,7.9495,-3.83143,-7.53241
98,0,Body1,5.28082e+29,-8.72352e+10,-3.1138e+10,-6.47179e+10,6.53178,2.10764,-5.16956
98,1,Body2,5.61651e+29,-2.51444e+10,-8.56071e+10,5.6969e+10,6.20184,-3.30057,-5.82183
98,2,Body3,2.35684e+28,-5.14425e+10,-2.34758e+10,1.15274e+10,7.94948,-3.83191,-7.53254
99,0,Body1,5.28082e+29,-8.72352e+10,-3.1138e+10,-6.47179e+10,6.53186,2.10757,-5.1694
99,1,Body2,5.61651e+29,-2.51444e+10,-8.56071e+10,5.6969e+10,6.20176,-3.30049,-5.82198
99,2,Body3,2.35684e+28,-5.14425e+10,-2.34758e+10,1.15274e+10,7.94945,-3.83238,-7.53267
100,0,Body1,5.28082e+29,-8.72352e+10,-3.1138e+10,-6.47179e+10,6.53195,2.10751,-5.16924
100,1,Body2,5.61651e+29,-2.51444e+10,-8.56071e+10,5.6969e+10,6.20168,-3.30041,-5.82213
100,2,Body3,2.35684e+28,-5.14425e+10,-2.34758e+10,1.15274e+10,7.94943,-3.83286,-7.53279
101,0,Body1,5.28082e+29,-8.72352e+10,-3.1138e+10,-6.47179e+10,6.53202,2.10746,-5.16909
101,1,Body2,5.61651e+29,-2.51444e+10,-8.56071e+10,5.6969e+10,6.20162,-3.30034,-5.82226
101,2,Body3,2.35684e+28,-5.14425e+10,-2.34758e+10,1.15274e+10,7.9494,-3.83329,-7.53291
